Tên sản phẩm,Slug,Tiêu đề phụ,Mã sản phẩm,Giá sản phẩm,Bề mặt,Độ dày,Kích thước,Hoàn thiện,Màu sắc,Ứng dụng,Bộ sưu tập,Tải catalogue,Mô tả,Ảnh 1,Ảnh 2,Ảnh 3,Ảnh 4,Ảnh 5,Ảnh 6,Ảnh 7,URL
Corchia,corchia,,ST65,,Đá hoa,9mm,1200x2400,Bóng kính,Màu Be,,,https://drive.google.com/uc?id=1QonkfbgSmO_I78ziRXBq_HkkspkUDRHP,Công nghệ xuyên sáng cùng khổ lớn vượt giới hạn giúp các sản phẩm trong BST Luce Tech đạt được vẻ đẹp chân thực của tự nhiên.,https://slabstone.vn/wp-content/uploads/2024/02/ST65D122-F1-Polished-1200x2400x9mm.png,https://slabstone.vn/wp-content/uploads/2024/02/ST65.png,https://slabstone.vn/wp-content/uploads/2024/02/65_ST65_.png,https://slabstone.vn/wp-content/uploads/2024/02/ST65D122-F1-Polished-1200x2400x9mm.png,https://slabstone.vn/wp-content/uploads/2024/02/ST65D122-F2-Polished-1200x2400x9mm.png,https://slabstone.vn/wp-content/uploads/2024/02/ST65D122-F1-Polished-1200x2400x9mm.png,,https://slabstone.vn/san-pham/corchia/
Venato,venato,,ST64,,Đá hoa,9mm,1200x2400,Bóng kính,Bóng kính,,,https://drive.google.com/uc?id=1tuT2pTEdj7GsRGCitbG4klqCr8DgwD4n,Công nghệ xuyên sáng cùng khổ lớn vượt giới hạn giúp các sản phẩm trong BST Luce Tech đạt được vẻ đẹp chân thực của tự nhiên.,https://slabstone.vn/wp-content/uploads/2024/02/ST64D122-F1-Polished-1200x2400x9mm.png,https://slabstone.vn/wp-content/uploads/2024/02/ST64.png,https://slabstone.vn/wp-content/uploads/2024/02/64_ST64_Venato.png,https://slabstone.vn/wp-content/uploads/2024/02/ST64D122-F1-Polished-1200x2400x9mm.png,https://slabstone.vn/wp-content/uploads/2024/02/ST64D122F2-Polished-1200x2400x9mm.png,https://slabstone.vn/wp-content/uploads/2024/02/ST64D122-F1-Polished-1200x2400x9mm.png,,https://slabstone.vn/san-pham/venato/
Wavy,wavy,,ST66,,Đá hoa,9mm,1200x2400,Bóng kính,Màu Be,,,https://drive.google.com/uc?id=1tuT2pTEdj7GsRGCitbG4klqCr8DgwD4n,Công nghệ xuyên sáng cùng khổ lớn vượt giới hạn giúp các sản phẩm trong BST Luce Tech đạt được vẻ đẹp chân thực của tự nhiên.,https://slabstone.vn/wp-content/uploads/2024/02/TE66D122-F1-copy-2__Q-100__LimitedFileSize-300kb__resized-800-px.jpg,https://slabstone.vn/wp-content/uploads/2024/02/ST66.png,https://slabstone.vn/wp-content/uploads/2024/02/ST66_Wavy.png,https://slabstone.vn/wp-content/uploads/2024/02/TE66D122-F1-copy-2__Q-100__LimitedFileSize-300kb__resized-800-px.jpg,https://slabstone.vn/wp-content/uploads/2024/02/TE66D122-F2__Q-100__LimitedFileSize-300kb__resized-800-px.jpg,https://slabstone.vn/wp-content/uploads/2024/02/TE66D122-F1-copy-2__Q-100__LimitedFileSize-300kb__resized-800-px.jpg,,https://slabstone.vn/san-pham/wavy/
Honey Onyx,honey-onyx,,ST61,,Đá hoa,9mm,1200x2400,Bóng kính,Màu Be,,,https://drive.google.com/uc?id=1tuT2pTEdj7GsRGCitbG4klqCr8DgwD4n,"Công nghệ xuyên sáng cùng khổ lớn vượt giới hạn giúp các sản phẩm trong BST Luce Tech đạt được vẻ đẹp chân thực của tự nhiên.
Những đường vân tròn mềm mại của Honey Onyx đem lại sự thư thái, nhẹ nhàng nhưng vẫn không kém phần tinh tế, sang trọng cho không gian.",https://slabstone.vn/wp-content/uploads/2024/02/TE61D122-F1__Q-100__LimitedFileSize-300kb__resized-800-px.jpg,https://slabstone.vn/wp-content/uploads/2024/02/sm61.png,https://slabstone.vn/wp-content/uploads/2024/02/61_ST61_Honey-Onyx-1.png,https://slabstone.vn/wp-content/uploads/2024/02/TE61D122-F2-copy__Q-100__LimitedFileSize-300kb__resized-800-px.jpg,https://slabstone.vn/wp-content/uploads/2024/02/TE61D122-F1__Q-100__LimitedFileSize-300kb__resized-800-px.jpg,,,https://slabstone.vn/san-pham/honey-onyx/
Arabescato Antique,arabescato-antique,,ST62,,Đá hoa,9mm,1200x2400,Bóng kính,Trắng,,,https://drive.google.com/uc?id=1tuT2pTEdj7GsRGCitbG4klqCr8DgwD4n,"Công nghệ xuyên sáng cùng khổ lớn vượt giới hạn giúp các sản phẩm trong BST Luce Tech đạt được vẻ đẹp chân thực của tự nhiên.
Những đường vân cá tính, mạnh mẽ của Arabescato Antique mang đến sự ấn tượng nhưng vẫn không kém phần tinh tế, sang trọng cho không gian.",https://slabstone.vn/wp-content/uploads/2024/02/ST62D122-F1__Q-100__LimitedFileSize-300kb__resized-800-px.jpg,https://slabstone.vn/wp-content/uploads/2024/02/62_ST62_Arabescato-Antique.png,https://slabstone.vn/wp-content/uploads/2024/02/ST62D122-F1__Q-100__LimitedFileSize-300kb__resized-800-px.jpg,https://slabstone.vn/wp-content/uploads/2024/02/ST62D122-F2__Q-100__LimitedFileSize-300kb__resized-800-px.jpg,https://slabstone.vn/wp-content/uploads/2024/02/ST62D122-F1__Q-100__LimitedFileSize-300kb__resized-800-px.jpg,,,https://slabstone.vn/san-pham/arabescato-antique/
Alpinus,alpinus,,SP25,"1,800,000 / m²",Đá hoa,9mm,1200x2400,Bóng kính,Màu Be,,,https://drive.google.com/uc?id=1tuT2pTEdj7GsRGCitbG4klqCr8DgwD4n,"Alpinus độc đáo với hoa văn giống như pha lê. Với sự bùng nổ của màu trắng, xám và be vàng, vật liệu này sẽ tạo thêm cảm giác sang trọng nhưng sắc sảo cho không gian của bạn.",https://slabstone.vn/wp-content/uploads/2023/09/SP25H122-Random-face-copy__Q-100__LimitedFileSize-300kb__resized-800-px.jpg,https://slabstone.vn/wp-content/uploads/2023/09/sp25.png,https://slabstone.vn/wp-content/uploads/2023/09/SP25H122_ve_sinh__Q-100__LimitedFileSize-300kb__resized-800-px.jpg,https://slabstone.vn/wp-content/uploads/2023/09/SP25H122-Random-face__Q-100__LimitedFileSize-300kb__resized-800-px.jpg,,,,https://slabstone.vn/san-pham/alpinus/
Kanjini,kanjini,,SP07,"1,800,000 / m²",Đá,9mm,1200x2400,Bóng kính,Xám trắng,,,,Tone màu xám với hoàn thiện bóng giúp tăng diện tích không gian của bạn nhưng vẫn giữ được sự mộc mạc tối giản,https://slabstone.vn/wp-content/uploads/2023/02/Slabstone_Kanjini-SP07D122-v2_Polished_120x240cm_9mm__Q-100__LimitedFileSize-300kb__resized-800-px.jpg,https://slabstone.vn/wp-content/uploads/2023/02/180223_Kanjini.png,https://slabstone.vn/wp-content/uploads/2023/02/SP07D122_Op-Lat__Q-100__LimitedFileSize-300kb__resized-800-px.jpg,https://slabstone.vn/wp-content/uploads/2023/02/Slabstone_Kanjini-SP07D122-v3_Polished_120x240cm_9mm__Q-100__LimitedFileSize-300kb__resized-800-px.jpg,,,,https://slabstone.vn/san-pham/kanjini/
Panda White,panda-white,,SP09,"1,800,000 / m²",Đá hoa,"9mm, 15mm",1200x2400,Bóng kính,"Trắng, Đen",,,,,https://slabstone.vn/wp-content/uploads/2023/02/Slabstone_Panda-White-SP09D12-v2_Polished_120x240cm_916mm__Q-100__LimitedFileSize-300kb__resized-800-px.jpg,https://slabstone.vn/wp-content/uploads/2023/02/180223_Panda-1.png,,,,,,https://slabstone.vn/san-pham/panda-white/
Nebula,nebula,,SP11,"1,800,000 / m²",Đá hoa,9mm,1200x2400,Bóng kính,Xám,,,,"Cảm hứng từ những tinh vân vũ trụ đã được bao trọn trong thiết kế độc đáo của NEBULA. Phải mất nhiều năm để hình thành nên những tinh vân tuyệt đẹp trong thiên hà, nhưng chỉ mất vài giờ đồng hồ để tái hiện lại vẻ đẹp đó với SLABSTONE.
NEBULA phù hợp cho mọi ứng dụng và thiết kế, nâng tầm đẳng cấp cho không gian sống của bạn!",https://slabstone.vn/wp-content/uploads/2023/02/Slabstone_Nebula-SP11D122-v1_Polished_120x240cm_9mm__Q-100__LimitedFileSize-300kb__resized-800-px.jpg,https://slabstone.vn/wp-content/uploads/2023/02/180223_nebula.png,,,,,,https://slabstone.vn/san-pham/nebula/
Ofanto,ofanto,,SP12,"1,800,000 / m²",Đá,"9mm, 15mm",1200x2400,Bóng kính,Xám trắng,,,,"Mạnh mẽ và táo bạo, thiết kế Ofanto phù hợp làm điểm nhấn cho khu vực bếp, mặt bàn và cả ốp lát trang trí",https://slabstone.vn/wp-content/uploads/2023/02/Slabstone_Ofanto-SP12D122-v2_Polished_120x240cm_916mm-1-scaled.jpg,https://slabstone.vn/wp-content/uploads/2023/02/180223_ofanto.png,,,,,,https://slabstone.vn/san-pham/ofanto/
Blue Explosion,blue-explosion,,SP13 | SM13,"1,800,000 / m²",Đá hoa,"9mm, 15mm",1200x2400,"Bóng kính, Matt",Xanh Dương,,,,"Lấy cảm hứng từ một loại đá quý cẩm thạch màu xanh có một bề mặt độc ​​đáo, Blue explosion được các kiến ​​trúc sư và nhà thiết kế nội thất đánh giá cao, đặc biệt là trong các môi trường tinh tế.",https://slabstone.vn/wp-content/uploads/2023/02/Slabstone_Blue-Explosion-SP13D122-v3_Polished_120x240cm_916mm__Q-100__LimitedFileSize-300kb__resized-800-px.jpg,https://slabstone.vn/wp-content/uploads/2023/02/SP13D122_op-lat__Q-100__LimitedFileSize-300kb__resized-800-px.jpg,https://slabstone.vn/wp-content/uploads/2023/02/Slabstone_Blue-Explosion-SP13D122-v3_Polished_120x240cm_916mm__Q-100__LimitedFileSize-300kb__resized-800-px.jpg,,,,,https://slabstone.vn/san-pham/blue-explosion/
Sand,sand,,SP51,"1,100,000 – 1,970,000 / m²",BODYTECH,"9mm, 12mm, 15mm","800x1600, 1200x2400","Bóng kính, Bóng mờ, Matt",Màu Be,,,,Sản phẩm Sand là sự kết hợp của các tông màu tự nhiên truyền tải chiều sâu và chi tiết thiết kế thú vị. Phản ánh sự hòa quyện mềm mại của cồn cát với tiếng thì thầm của pha lê. Tông màu ấm áp tự nhiên của sản phẩm này tôn lên mọi khu vực xung quanh cả trong nhà lẫn ngoài trời.,https://slabstone.vn/wp-content/uploads/2023/02/Slabstone_Fullbody-SP51D122-Muoi-tieu_Polished_120x240cm_916mm__Q-100__LimitedFileSize-300kb__resized-800-px.jpg,https://slabstone.vn/wp-content/uploads/2023/03/180323_sand.png,https://slabstone.vn/wp-content/uploads/2023/02/TP51D122-Lat-San__Q-100__LimitedFileSize-300kb__resized-800-px.jpg,https://slabstone.vn/wp-content/uploads/2023/02/Slabstone_Fullbody-SP51D122-Muoi-tieu_Polished_120x240cm_916mm__Q-100__LimitedFileSize-300kb__resized-800-px.jpg,,,,https://slabstone.vn/san-pham/sand/
Cosima Bei,cosima-bei,,SM05,"1,800,000 / m²",Màu Đặc,9mm,1200x2400,Matt,Màu Be,,,,Mẫu Beige nhẹ nhàng này tạo nên một cảm giác ấm cúng cho phong cách thiết kế tối giản,https://slabstone.vn/wp-content/uploads/2023/02/05_SM05D122.png,https://slabstone.vn/wp-content/uploads/2023/02/180223_Cosima-beige.png,https://slabstone.vn/wp-content/uploads/2023/02/SM05D122-op-lat-scaled.jpg,https://slabstone.vn/wp-content/uploads/2023/02/SM05D122_ban-dai-scaled.jpg,https://slabstone.vn/wp-content/uploads/2023/02/05_SM05D122.png,,,https://slabstone.vn/san-pham/cosima-bei/
Cosima Grey,cosima-grey,,SM04,"1,800,000 / m²",Màu Đặc,9mm,1200x2400,Matt,Xám,,,,"Với tone màu xám nhạt, không gian của bạn trở nên hiện đại và phong cách hơn. Phù hợp với khu vực bếp hay các dự án lớn",https://slabstone.vn/wp-content/uploads/2023/02/Slabstone_Cosima-Grey-SM04D122_Matt_120x240cm_9mm-2-scaled.jpg,https://slabstone.vn/wp-content/uploads/2023/02/180223_Cosima-grey.png,https://slabstone.vn/wp-content/uploads/2023/02/SM04D122-OP-NGOAI-TROI-1-scaled.jpg,https://slabstone.vn/wp-content/uploads/2024/01/SM04D122_op-lat-scaled.jpg,https://slabstone.vn/wp-content/uploads/2023/02/Slabstone_Cosima-Grey-SM04D122_Matt_120x240cm_9mm-2-scaled.jpg,,,https://slabstone.vn/san-pham/cosima-grey/
Glenveal,glenveal,,SM06,"1,800,000 / m²",Đá,9mm,1200x2400,Matt,Xám,,,,Bề mặt Matt tạo nên cảm giác chân thực và có độ sâu với thiết kế đá của Glenveal. Phù hợp với không gian hiện đại và tối giản,https://slabstone.vn/wp-content/uploads/2023/02/Slabstone_Glenveal-SM06D122-v1_Matt_120x240cm_9mm__Q-100__LimitedFileSize-300kb__resized-800-px.jpg,https://slabstone.vn/wp-content/uploads/2023/02/180223_Glenveal.png,https://slabstone.vn/wp-content/uploads/2023/02/SM06D122_2__Q-100__LimitedFileSize-300kb__resized-800-px.jpg,https://slabstone.vn/wp-content/uploads/2023/02/SM06D122-op-lat-ve-sinh__Q-100__LimitedFileSize-300kb__resized-800-px.jpg,https://slabstone.vn/wp-content/uploads/2023/02/Slabstone_Glenveal-SM06D122-v1_Matt_120x240cm_9mm__Q-100__LimitedFileSize-300kb__resized-800-px.jpg,https://slabstone.vn/wp-content/uploads/2023/02/Slabstone_Glenveal-SM06D122-v2_Matt_120x240cm_9mm__Q-100__LimitedFileSize-300kb__resized-800-px.jpg,https://slabstone.vn/wp-content/uploads/2023/02/Slabstone_Glenveal-SM06D122-v3_Matt_120x240cm_9mm__Q-100__LimitedFileSize-300kb__resized-800-px.jpg,https://slabstone.vn/san-pham/glenveal/
Stream,stream,,SM52,"3,050,000 / m²",Đá hoa,20mm,1200x2400,Matt,Trắng,,,,"Gần với tự nhiên là xu hướng thẩm mỹ đang được ưa chuộng trong những năm gần đây. Ứng dụng công nghệ VEINTECH, Stream tái hiện lại vẻ đẹp tự nhiên một cách chân thật, sống động qua những đường vân xuyên thân tinh tế.
Sự độc đáo, phá cách của Stream chắc chắn sẽ đem đến những trải nghiệm thật sự khác biệt cho không gian sống của bạn!",https://slabstone.vn/wp-content/uploads/2023/03/SM52L122_VeinTeck__Q-100__LimitedFileSize-300kb__resized-800-px.jpg,https://slabstone.vn/wp-content/uploads/2023/03/150323_stream.png,https://slabstone.vn/wp-content/uploads/2023/03/SM52L122-ban-dao__Q-100__LimitedFileSize-300kb__resized-800-px.jpg,https://slabstone.vn/wp-content/uploads/2023/03/SM52L122_ban_bep__Q-100__LimitedFileSize-300kb__resized-800-px.jpg,https://slabstone.vn/wp-content/uploads/2023/03/SM52L122_VeinTeck-F2__Q-100__LimitedFileSize-300kb__resized-800-px.jpg,,,https://slabstone.vn/san-pham/stream/
Crater,crater,,SP31,"1,800,000 / m²",Đá hoa,9mm,1200x2400,Bóng kính,Nâu,,,,"Thiết kế ấn tượng bởi các tone màu mạnh mẽ, Crater phù hợp với những bị trí điểm nhấn tạo nên cá tính độc đáo cho không gian của bạn",https://slabstone.vn/wp-content/uploads/2023/04/SP31D122-v2_Crater_1200x2400x9mm-A__Q-100__LimitedFileSize-300kb__resized-800-px.jpg,https://slabstone.vn/wp-content/uploads/2023/04/040423_Crater.png,https://slabstone.vn/wp-content/uploads/2023/04/SP31_background__Q-100__LimitedFileSize-300kb__resized-800-px.jpg,https://slabstone.vn/wp-content/uploads/2023/04/TP009D12-op-lat-SP30D122-op-backgroud-vitinh__Q-100__LimitedFileSize-300kb__resized-800-px.jpg,https://slabstone.vn/wp-content/uploads/2023/04/SP31D122-v2_Crater_1200x2400x9mm-A__Q-100__LimitedFileSize-300kb__resized-800-px.jpg,,,https://slabstone.vn/san-pham/crater/
Fossil Noir,fossil-noir,,SP32,"1,800,000 / m²",Đá hoa,9mm,1200x2400,Bóng kính,Đen,,,,"Như những dòng dung nham từ núi lửa, Fossil Noir mang vẻ đẹp huyền bí nhưng mãnh liệt cho những phong cách thiết kế ấn tượng",https://slabstone.vn/wp-content/uploads/2023/04/SP32D122-v3_Fossil-noir_Polished_1200x2400x9mm__Q-100__LimitedFileSize-300kb__resized-800-px.jpg,https://slabstone.vn/wp-content/uploads/2023/04/040423_Fossil-noir.png,https://slabstone.vn/wp-content/uploads/2023/04/SP32D122-Phong-ngu-__Q-100__LimitedFileSize-300kb__resized-800-px.jpg,https://slabstone.vn/wp-content/uploads/2023/04/SP32D122-Phong-Khach__Q-100__LimitedFileSize-300kb__resized-800-px.jpg,https://slabstone.vn/wp-content/uploads/2023/04/SP32D122-v2_Fossil-noir_Polished_1200x2400x9mm__Q-100__LimitedFileSize-300kb__resized-800-px.jpg,,,https://slabstone.vn/san-pham/fossil-noir/
Dark Emperador,dark-emperador,,SP15,"970,000 – 1,890,000 / m²",Đá hoa,"9mm, 12mm, 15mm","800x1600, 800x2400, 1200x2400","Bóng kính, Bóng mờ, Matt",Màu Be,,,https://drive.google.com/uc?id=1tuT2pTEdj7GsRGCitbG4klqCr8DgwD4n,,https://slabstone.vn/wp-content/uploads/2023/07/SP15F816-F3__Q-100__LimitedFileSize-300kb__resized-800-px.jpg,https://slabstone.vn/wp-content/uploads/2023/07/sp15.png,https://slabstone.vn/wp-content/uploads/2023/07/SP15_lat_san__Q-100__LimitedFileSize-300kb__resized-800-px.jpg,,,,,https://slabstone.vn/san-pham/dark-emperador/
Calatorao Gris,calatorao-gris,,SN54,"1,100,000 – 1,390,000 / m²",Đá hoa,"12mm, 15mm",800x1600,Matt,Đen,,,https://drive.google.com/uc?id=1tuT2pTEdj7GsRGCitbG4klqCr8DgwD4n,"Nằm trong BST Marble, Calatorao Gris toát lên vẻ đẹp thanh lịch và sang trọng. Màu sắc chủ đạo của nó là đen, tạo nên không gian trang trí với vẻ mạnh mẽ và ấn tượng. Bề mặt của gạch Calatorao Gris  có kết cấu mịn và đồng đều, tạo cảm giác sang trọng và tinh tế.",https://slabstone.vn/wp-content/uploads/2023/07/SN54F86-F3__Q-100__LimitedFileSize-300kb__resized-800-px.jpg,https://slabstone.vn/wp-content/uploads/2023/07/SN54.png,https://slabstone.vn/wp-content/uploads/2023/08/sn54.png,https://slabstone.vn/wp-content/uploads/2023/08/sn54.png,https://slabstone.vn/wp-content/uploads/2023/07/SN54F86-F2__Q-100__LimitedFileSize-300kb__resized-800-px.jpg,,,https://slabstone.vn/san-pham/calatorao-gris/
Calacatta Statuario,calacatta-statuario,,SH14,"970,000 / m²",Đá hoa,15mm,800x1600,Bóng mờ,Trắng,,,https://drive.google.com/uc?id=1tuT2pTEdj7GsRGCitbG4klqCr8DgwD4n,,https://slabstone.vn/wp-content/uploads/2023/07/SH14F816_800x1600x12mm-F1__Q-100__LimitedFileSize-300kb__resized-800-px.jpg,https://slabstone.vn/wp-content/uploads/2023/07/SH-SP14F816_bep_an__Q-100__LimitedFileSize-300kb__resized-800-px.jpg,https://slabstone.vn/wp-content/uploads/2023/07/SH14F816_800x1600x12mm-F1__Q-100__LimitedFileSize-300kb__resized-800-px.jpg,https://slabstone.vn/wp-content/uploads/2023/07/SH14F816_800x1600x12mm-F2__Q-100__LimitedFileSize-300kb__resized-800-px.jpg,https://slabstone.vn/wp-content/uploads/2023/07/SH14F816_800x1600x12mm-F3__Q-100__LimitedFileSize-300kb__resized-800-px.jpg,https://slabstone.vn/wp-content/uploads/2023/07/SH14F816_800x1600x12mm-F1__Q-100__LimitedFileSize-300kb__resized-800-px.jpg,,https://slabstone.vn/san-pham/calacatta-statuario/
Marine,marine,,SP16,"970,000 – 1,800,000 / m²",Đá hoa,"9mm, 12mm","800x1600, 1200x2400",Bóng kính,Xanh Dương,,,https://drive.google.com/uc?id=1tuT2pTEdj7GsRGCitbG4klqCr8DgwD4n,,https://slabstone.vn/wp-content/uploads/2023/07/SP16F816-v1_Polished_800x1600x9mm__Q-100__LimitedFileSize-300kb__resized-800-px.jpg,https://slabstone.vn/wp-content/uploads/2023/07/SP16.png,,,,,,https://slabstone.vn/san-pham/marine/
Onice Nero,onice-nero,,SP45,"1,800,000 / m²",Đá hoa,9mm,1200x2400,Bóng kính,Đen,,,https://drive.google.com/uc?id=1tuT2pTEdj7GsRGCitbG4klqCr8DgwD4n,"Lấy cảm hứng từ loại đá quý màu đen truyền thống, là đồ trang sức đã được sử dụng từ thời cổ đại, mẫu đá nung kết Onice nero là sự kết hợp của những bề mặt quyến rũ có thể nắm bắt được sự hoàn hảo về màu sắc phù hợp với những trang trí độc đáo mang dấu ấn cá nhân",https://slabstone.vn/wp-content/uploads/2023/09/SP45H122-Random-3-face-copy__Q-100__LimitedFileSize-300kb__resized-800-px.jpg,https://slabstone.vn/wp-content/uploads/2023/09/s45.png,https://slabstone.vn/wp-content/uploads/2023/09/SP45_phong_tam__Q-100__LimitedFileSize-300kb__resized-800-px.jpg,https://slabstone.vn/wp-content/uploads/2023/09/SP45H122-Random-3-face__Q-100__LimitedFileSize-300kb__resized-800-px.jpg,,,,https://slabstone.vn/san-pham/onice-nero/
Verde Karzai,verde-karzai,,SP48,"1,800,000 / m²",Đá hoa,9mm,1200x2400,Bóng kính,Xanh Lá,,,https://drive.google.com/uc?id=1tuT2pTEdj7GsRGCitbG4klqCr8DgwD4n,"Verde Kazai lấy cảm hứng từ màu xanh của cây nhiệt đới, mang đến một không gian trong lành và thư thái. Kết hợp với màu vàng rực rỡ tượng trưng cho sự giàu có, tươi sáng và sự tươi mới của mùa thu. Đây là sự kết hợp hoàn hảo tạo điểm nhấn và sự phá cách trong không gian",https://slabstone.vn/wp-content/uploads/2023/09/SP48H122-1__Q-100__LimitedFileSize-300kb__resized-800-px.jpg,https://slabstone.vn/wp-content/uploads/2023/09/s48.png,https://slabstone.vn/wp-content/uploads/2023/09/SP48H122_phoi_canh__Q-100__LimitedFileSize-300kb__resized-800-px.jpg,https://slabstone.vn/wp-content/uploads/2023/09/SP48H122-1__Q-100__LimitedFileSize-300kb__resized-800-px.jpg,,,,https://slabstone.vn/san-pham/verde-karzai/
Carrara Bianco,carrara-bianco,,SP47,"1,800,000 / m²",Đá hoa,9mm,1200x2400,Bóng kính,Trắng,,,https://drive.google.com/uc?id=1tuT2pTEdj7GsRGCitbG4klqCr8DgwD4n,"Biến đổi không gian của bạn với sản phẩm đá Carrara Bianco tinh xảo nổi bật với những khối lớn với những đường vân màu xám nhạt đan xen trên nền trắng, tạo ra hiệu ứng tuyệt đẹp như đám mây. Thưởng thức vẻ đẹp và sự sang trọng của sản phẩm đá độc đáo này và nâng cao tính thẩm mỹ cho ngôi nhà hoặc văn phòng của bạn ngay lập tức.",https://slabstone.vn/wp-content/uploads/2023/09/SP47H122-2__Q-100__LimitedFileSize-300kb__resized-800-px.jpg,https://slabstone.vn/wp-content/uploads/2023/09/Op-Ve-Sinh-SP47D122__Q-100__LimitedFileSize-300kb__resized-800-px.jpg,https://slabstone.vn/wp-content/uploads/2023/09/SP47H122-1__Q-100__LimitedFileSize-300kb__resized-800-px.jpg,,,,,https://slabstone.vn/san-pham/carrara-bianco/
Calacatta Macchia Vecchia,calacatta-macchia-vecchia,,SP43,"1,800,000 / m²",Đá hoa,9mm,1200x2400,Bóng kính,Màu Be,,,https://drive.google.com/uc?id=1tuT2pTEdj7GsRGCitbG4klqCr8DgwD4n,Màu Beige trang nhã kết hợp với các đường vân độc đáo tạo nên sự hài hòa và đột phá cho không gian sử dụng thêm phần sang trọng.,https://slabstone.vn/wp-content/uploads/2023/09/SP43H122-2__Q-100__LimitedFileSize-300kb__resized-800-px.jpg,https://slabstone.vn/wp-content/uploads/2023/09/s43.png,https://slabstone.vn/wp-content/uploads/2023/09/SP43_background__Q-100__LimitedFileSize-300kb__resized-800-px.jpg,https://slabstone.vn/wp-content/uploads/2023/09/SP43H122-1__Q-100__LimitedFileSize-300kb__resized-800-px.jpg,,,,https://slabstone.vn/san-pham/calacatta-macchia-vecchia/
Orobico Gris,orobico-gris,,SP44,"1,800,000 / m²",Đá hoa,9mm,1200x2400,Bóng kính,Xám,,,https://drive.google.com/uc?id=1tuT2pTEdj7GsRGCitbG4klqCr8DgwD4n,,https://slabstone.vn/wp-content/uploads/2023/09/SP44H122-AB-2__Q-100__LimitedFileSize-300kb__resized-800-px.jpg,https://slabstone.vn/wp-content/uploads/2023/09/s44.png,https://slabstone.vn/wp-content/uploads/2023/09/SP44_background__Q-100__LimitedFileSize-300kb__resized-800-px.jpg,https://slabstone.vn/wp-content/uploads/2023/09/SP44H122-AB-1__Q-100__LimitedFileSize-300kb__resized-800-px.jpg,,,,https://slabstone.vn/san-pham/orobico-gris/
Calatorao Bianco,calatorao-bianco,,SM41,"1,800,000 / m²",Đá hoa,9mm,1200x2400,Bóng kính,Trắng,,,https://drive.google.com/uc?id=1tuT2pTEdj7GsRGCitbG4klqCr8DgwD4n,,https://slabstone.vn/wp-content/uploads/2024/02/SM41D122-F1__Q-100__LimitedFileSize-300kb__resized-800-px.jpg,https://slabstone.vn/wp-content/uploads/2023/09/s41.png,https://slabstone.vn/wp-content/uploads/2024/02/SM41D122_phong_tam__Q-100__LimitedFileSize-300kb__resized-800-px.jpg,https://slabstone.vn/wp-content/uploads/2024/02/SM41D122-F1__Q-100__LimitedFileSize-300kb__resized-800-px.jpg,,,,https://slabstone.vn/san-pham/calatorao-bianco/
Calatorao Noir,calatorao-noir,,SP29,"1,800,000 / m²",Đá hoa,9mm,1200x2400,"Bóng kính, Matt",Đen,,,https://drive.google.com/uc?id=1tuT2pTEdj7GsRGCitbG4klqCr8DgwD4n,Calatorao Noir tự hào có những đường vân vàng lấp lánh trên màu đá đen tuyền đậm để mang đến một mẫu có khả năng xử lý mọi loại không gian.,https://slabstone.vn/wp-content/uploads/2023/09/SP29H122-1__Q-100__LimitedFileSize-300kb__resized-800-px.jpg,https://slabstone.vn/wp-content/uploads/2023/09/s29.png,https://slabstone.vn/wp-content/uploads/2023/09/SP29H122_ve_sinh__Q-100__LimitedFileSize-300kb__resized-800-px.jpg,https://slabstone.vn/wp-content/uploads/2023/09/SP29H122-3__Q-100__LimitedFileSize-300kb__resized-800-px.jpg,,,,https://slabstone.vn/san-pham/calatorao-noir/
Ash Maple,ash-maple,,SM19,"1,800,000 / m²",Gỗ,9mm,1200x2400,Matt,Nâu,,,https://drive.google.com/uc?id=1tuT2pTEdj7GsRGCitbG4klqCr8DgwD4n,"Với khổ lớn vượt trội, đá vân gỗ SLABSTONE đem nét đẹp thiên nhiên chân thực nhất vào không gian sống của bạn.
Không giới hạn khả năng thiết kế, mẫu đá vân gỗ SLABSTONE cho bạn thoả sức sáng tạo với những ý tưởng cắt ghép, tạo hình khác nhau. Những đường vân gỗ trải dài, không bị gián đoạn sẽ mở rộng không gian, tôn lên nét tinh tế và sang trọng rất riêng cho ngôi nhà.",https://slabstone.vn/wp-content/uploads/2023/09/SM19D122-Random-face__Q-100__LimitedFileSize-300kb__resized-800-px.jpg,https://slabstone.vn/wp-content/uploads/2023/09/s19.png,https://slabstone.vn/wp-content/uploads/2023/09/SM19D12_phong_ngu__Q-100__LimitedFileSize-300kb__resized-800-px.jpg,,,,,https://slabstone.vn/san-pham/ash-maple/
Venus Blue,venus-blue,,SP34,"1,800,000 / m²",Đá hoa,9mm,1200x2400,Bóng kính,Xanh Dương,,,https://drive.google.com/uc?id=1tuT2pTEdj7GsRGCitbG4klqCr8DgwD4n,"Khám phá sản phẩm Venus Blue độc đáo, nơi nghệ thuật và thiên nhiên hòa quyện thành một. Những tấm đá mang đậm sắc màu của biển cả với sóng biển cuồn cuộn, tạo nên không gian yên bình và hòa quyện trong không gian của bạn.",https://slabstone.vn/wp-content/uploads/2023/09/SP34H122-1__Q-100__LimitedFileSize-300kb__resized-800-px.jpg,https://slabstone.vn/wp-content/uploads/2023/09/sp34.png,https://slabstone.vn/wp-content/uploads/2023/09/SP34H122-Bon-Tam__Q-100__LimitedFileSize-300kb__resized-800-px.jpg,https://slabstone.vn/wp-content/uploads/2023/09/SP34H122-2__Q-100__LimitedFileSize-300kb__resized-800-px.jpg,,,,https://slabstone.vn/san-pham/venus-blue/
Blue Apatite,blue-apatite,,SP46,"1,800,000 / m²",Đá hoa,9mm,1200x2400,Bóng kính,Xanh Dương,,,https://drive.google.com/uc?id=1tuT2pTEdj7GsRGCitbG4klqCr8DgwD4n,"Tựa như dòng sông Amazon xanh biếc với những nhánh dày toả khắp, Blue Apatite đem đến cảm nhận về một miền đất hoang sơ đầy bí ẩn, tràn đầy sức sống. Thiết kế tone màu xanh dễ chịu, dù đặt ở không gian nào cũng tạo nên cảm giác thư thái, nhẹ nhàng.",https://slabstone.vn/wp-content/uploads/2023/09/SP46H122-1__Q-100__LimitedFileSize-300kb__resized-800-px.jpg,https://slabstone.vn/wp-content/uploads/2023/09/sp46.png,,,,,,https://slabstone.vn/san-pham/blue-apatite/
Orbico Noir,orbico-noir,,SP30,"1,800,000 / m²",Đá hoa,9mm,1200x2400,Bóng kính,Đen,,,https://drive.google.com/uc?id=1tuT2pTEdj7GsRGCitbG4klqCr8DgwD4n,"Orobico Noir là một loại đá với thiết kế độc đáo . Nền màu xám đậm của nó được trang trí bằng các sợi màu be và caramel, tạo ra sự kết hợp màu sắc rất phong cách và độc đáo. Cảm giác chuyển động mạnh mẽ của Orobico Noir theo cả bốn hướng mang đến sự sang trọng cho mọi loại không gian sống.",https://slabstone.vn/wp-content/uploads/2023/09/SP30D122-F1__Q-100__LimitedFileSize-300kb__resized-800-px.jpg,https://slabstone.vn/wp-content/uploads/2023/09/sp30.png,https://slabstone.vn/wp-content/uploads/2023/09/SP30_bep_an__Q-100__LimitedFileSize-300kb__resized-800-px.jpg,https://slabstone.vn/wp-content/uploads/2023/09/SP30D122-F1__Q-100__LimitedFileSize-300kb__resized-800-px.jpg,,,,https://slabstone.vn/san-pham/orbico-noir/
Dark Onyx,dark-onyx,,SP28,"1,800,000 / m²",Đá hoa,9mm,1200x2400,Bóng kính,Đen,,,https://drive.google.com/uc?id=1tuT2pTEdj7GsRGCitbG4klqCr8DgwD4n,,https://slabstone.vn/wp-content/uploads/2023/09/SP28H122-2__Q-100__LimitedFileSize-300kb__resized-800-px.jpg,https://slabstone.vn/wp-content/uploads/2023/09/sp28.png,,,,,,https://slabstone.vn/san-pham/dark-onyx/
Calacatta Gold,calacatta-gold,,SP26,"1,800,000 – 2,100,000 / m²",Đá hoa,9mm,"1200x2700, 1200x2400",Bóng kính,Trắng,,,https://drive.google.com/uc?id=1tuT2pTEdj7GsRGCitbG4klqCr8DgwD4n,"Calacatta Gold với nền trắng có tính thẩm mỹ vượt thời gian. Các kỹ sư Slabstone thể hiện một lớp nền trắng nhạt tuyệt vời với những đường viền màu vàng và xám có độ dày khác nhau. Như thể đó là những nét vẽ, những đường vân màu vàng và làn khói mềm mại chạy dọc theo toàn bộ bề mặt, tạo thêm nét cá tính và khác biệt ở những phần bằng nhau.",https://slabstone.vn/wp-content/uploads/2023/09/SP26H122-F1__Q-100__LimitedFileSize-300kb__resized-800-px.jpg,https://slabstone.vn/wp-content/uploads/2023/09/SP26D122-SP27D122-view1_3__Q-100__LimitedFileSize-300kb__resized-800-px.jpg,https://slabstone.vn/wp-content/uploads/2023/09/SP26H122-F2__Q-100__LimitedFileSize-300kb__resized-800-px.jpg,,,,,https://slabstone.vn/san-pham/calacatta-gold/
Blue Indigo,blue-indigo,,SP24,"1,800,000 / m²",Đá hoa,9mm,1200x2400,Bóng kính,Xanh Dương,,,https://drive.google.com/uc?id=1tuT2pTEdj7GsRGCitbG4klqCr8DgwD4n,"Sự kết hợp hoàn hảo giữa vẻ đẹp tự nhiên của thiên nhiên và sự tinh tế trong từng chi tiết. Được lấy cảm hứng từ những dòng suối lớn với màu nước xanh uốn lượn, “Blue Indigo” mang đến cho bạn một trả nghiệm vượt thời gian và không gian.",https://slabstone.vn/wp-content/uploads/2023/09/SP24H122-1__Q-100__LimitedFileSize-300kb__resized-800-px.jpg,https://slabstone.vn/wp-content/uploads/2023/09/sp24.png,,,,,,https://slabstone.vn/san-pham/blue-indigo/
Calacatta Bianco,calacatta-bianco,,SP38,"1,800,000 / m²",Đá hoa,9mm,1200x2400,Bóng kính,Trắng,,,https://drive.google.com/uc?id=1tuT2pTEdj7GsRGCitbG4klqCr8DgwD4n,"Sản phẩm đá Slabstone Calacatta Bianco là sự là một sự sáng tạo độc đáo từ dòng đá cẩm thạch nổi tiếng cùng tên của Ý, các kỹ sư đã tinh tế chỉ giữ lại những đường vân mỏng nhẹ thay vì những cây vân lớn, để chúng xuất hiện trên nền màu cẩm thạch trắng sáng hơn so với dòng đá tự nhiên vốn có.",https://slabstone.vn/wp-content/uploads/2023/09/SP38H122-1__Q-100__LimitedFileSize-300kb__resized-800-px-1.jpg,https://slabstone.vn/wp-content/uploads/2023/09/sp38.png,https://slabstone.vn/wp-content/uploads/2023/09/SP38_bep_an__Q-100__LimitedFileSize-300kb__resized-800-px.jpg,https://slabstone.vn/wp-content/uploads/2023/09/SP38H122-2__Q-100__LimitedFileSize-300kb__resized-800-px.jpg,,,,https://slabstone.vn/san-pham/calacatta-bianco/
Venus Crema,venus-crema,,SP37,"1,800,000 / m²",Đá hoa,9mm,1200x2400,Bóng kính,Màu Be,,,https://drive.google.com/uc?id=1tuT2pTEdj7GsRGCitbG4klqCr8DgwD4n,"Venus Cerema là sự kết hợp hoàn hảo giữa thiết kế tinh tế và chất lượng xuất sắc. Như một bức tranh sống động thể hiện vẻ đẹp của các dãy núi cao vút, màu sắc của biển trời bao la tựa như bản giao hưởng của tự nhiên.",https://slabstone.vn/wp-content/uploads/2023/09/SP37H122-Random-3-face__Q-100__LimitedFileSize-300kb__resized-800-px.jpg,https://slabstone.vn/wp-content/uploads/2023/09/sp37.png,,,,,,https://slabstone.vn/san-pham/venus-crema/
Monarch,monarch,,SP35,"1,800,000 / m²",Đá hoa,9mm,1200x2400,Bóng kính,Đen,,,https://drive.google.com/uc?id=1tuT2pTEdj7GsRGCitbG4klqCr8DgwD4n,,https://slabstone.vn/wp-content/uploads/2023/09/SP35H122-1__Q-100__LimitedFileSize-300kb__resized-800-px.jpg,https://slabstone.vn/wp-content/uploads/2023/09/sp35.png,,,,,,https://slabstone.vn/san-pham/monarch/
Laurent,laurent,,SP82 - SM82,"4,500,000 / m²",Đá,15mm,1200x2700,"Bóng kính, Matt",Ivory,,,https://drive.google.com/uc?id=1tuT2pTEdj7GsRGCitbG4klqCr8DgwD4n,"Laurent nổi bật với sắc đen đầy quyến rũ cùng những đường vân mạnh mẽ.
Công nghệ Veintech tái hiện hoàn hảo vè đẹp tự nhiên, thồi hồn sức sống vào không gia",https://slabstone.vn/wp-content/uploads/2025/01/SLABSTONE__SP82H127__Laurent-VEINTECH__120x270cm__15mm__Face1.png,https://slabstone.vn/wp-content/uploads/2025/01/SLABSTONE__SP82H127__Laurent-VEINTECH__120x270cm__15mm__Face3.png,https://slabstone.vn/wp-content/uploads/2025/01/SLABSTONE__SP82H127__Laurent-VEINTECH__120x270cm__15mm__Face3.png,https://slabstone.vn/wp-content/uploads/2025/01/SLABSTONE__SP82H127__Laurent-VEINTECH__120x270cm__15mm__Face2.png,https://slabstone.vn/wp-content/uploads/2025/01/SLABSTONE__SP82H127__Laurent-VEINTECH__120x270cm__15mm__Face1.png,https://slabstone.vn/wp-content/uploads/2025/01/SLABSTONE__SP82H127__Laurent-VEINTECH__120x270cm__15mm__Face2.png,,https://slabstone.vn/san-pham/laurent/
Tide,tide,,SP81 - SM81,"4,500,000 / m²",Đá,15mm,1200x2700,"Bóng kính, Matt",Ivory,,,https://drive.google.com/uc?id=1tuT2pTEdj7GsRGCitbG4klqCr8DgwD4n,"Tide nổi bật với những đường vân tinh tế đầy tự nhiên trong tông màu trắng.
Công nghệ Veintech tái hiện hoàn hảo vè đẹp tự nhiên, thồi hồn sức sống vào không gian.",https://slabstone.vn/wp-content/uploads/2025/01/SLABSTONE__SP81H127__Tide__120x270cm__15mm__Face2.png,https://slabstone.vn/wp-content/uploads/2025/01/SLABSTONE__SP81H127__Tide__120x270cm__15mm__Face2.png,https://slabstone.vn/wp-content/uploads/2025/01/SLABSTONE__SP81H127__Tide__120x270cm__15mm__Face1.png,https://slabstone.vn/wp-content/uploads/2025/01/SLABSTONE__SP81H127__Tide__120x270cm__15mm__Face3.png,https://slabstone.vn/wp-content/uploads/2025/01/SLABSTONE__SP81H127__Tide__120x270cm__15mm__Face2.png,https://slabstone.vn/wp-content/uploads/2025/01/SLABSTONE__SP81H127__Tide__120x270cm__15mm__Face3.png,,https://slabstone.vn/san-pham/tide/
Lagoon,lagoon,,SP80 - SM80,"4,500,000 / m²",Đá,15mm,1200x2700,"Bóng kính, Matt",Màu Be,,,https://drive.google.com/uc?id=1tuT2pTEdj7GsRGCitbG4klqCr8DgwD4n,Công nghệ vân xuyên xương giúp Lagoon tái hiện vẻ đẹp chân thực của tự nhiên.,https://slabstone.vn/wp-content/uploads/2025/01/SLABSTONE__SM80H127__Lagoon__120x270cm__15mm__Face1.png,https://slabstone.vn/wp-content/uploads/2025/01/SLABSTONE__SM80H127__Lagoon__120x270cm__15mm__Face3.png,https://slabstone.vn/wp-content/uploads/2025/01/SLABSTONE__SM80H127__Lagoon__120x270cm__15mm__Face1.png,https://slabstone.vn/wp-content/uploads/2025/01/SLABSTONE__SM80H127__Lagoon__120x270cm__15mm__Face2.png,https://slabstone.vn/wp-content/uploads/2025/01/SLABSTONE__SM80H127__Lagoon__120x270cm__15mm__Face2.png,,,https://slabstone.vn/san-pham/lagoon/
Avory,avory,,SM69,"2,100,000 / m²",Đá,9mm,1200x2700,Matt,Ivory,,,https://drive.google.com/uc?id=1tuT2pTEdj7GsRGCitbG4klqCr8DgwD4n,"Avory như dải lụa trắng mềm mại được điểm xuyến đường vân tinh tế, mang cảm giác thanh bình và yên tĩnh cho không gian.",https://slabstone.vn/wp-content/uploads/2025/01/SLABSTONE__SM69D127__Avory__120x270cm__9mm__Face1.png,https://slabstone.vn/wp-content/uploads/2025/01/SLABSTONE__SM69D127__Avory__120x270cm__9mm__Face2.png,https://slabstone.vn/wp-content/uploads/2025/01/SLABSTONE__SM69D127__Avory__120x270cm__9mm__Face1.png,https://slabstone.vn/wp-content/uploads/2025/01/SLABSTONE__SM69D127__Avory__120x270cm__9mm__Face2.png,https://slabstone.vn/wp-content/uploads/2025/01/SLABSTONE__SM69D127__Avory__120x270cm__9mm__Face2.png,,,https://slabstone.vn/san-pham/avory/
Andes,andes,,SM70,"2,100,000 / m²",Đá,9mm,1200x2700,Matt,Xám,,,https://drive.google.com/uc?id=1tuT2pTEdj7GsRGCitbG4klqCr8DgwD4n,"Andes, màn đêm tĩnh mịch không kém phần mơ mộng.
Sắc xám thanh lịch thổi hồn sự tinh tế cho không gian thiết kế.",https://slabstone.vn/wp-content/uploads/2025/01/SLABSTONE__SM70D127__Andes__120x270cm__9mm__Face3.png,https://slabstone.vn/wp-content/uploads/2025/01/SLABSTONE__SM70D127__Andes__120x270cm__9mm__Face1.png,https://slabstone.vn/wp-content/uploads/2025/01/SLABSTONE__SM70D127__Andes__120x270cm__9mm__Face1.png,https://slabstone.vn/wp-content/uploads/2025/01/SLABSTONE__SM70D127__Andes__120x270cm__9mm__Face2.png,https://slabstone.vn/wp-content/uploads/2025/01/SLABSTONE__SM70D127__Andes__120x270cm__9mm__Face3.png,https://slabstone.vn/wp-content/uploads/2025/01/SLABSTONE__SM70D127__Andes__120x270cm__9mm__Face3.png,,https://slabstone.vn/san-pham/andes/
Lava,lava,,SM21,"1,800,000 / m²",Xi măng,9mm,1200x2400,Bóng kính,Đen,,,https://drive.google.com/uc?id=1tuT2pTEdj7GsRGCitbG4klqCr8DgwD4n,Lava độc đáo và mạnh mẽ với đường vân cam như những tia sét trên nền trời đêm.,https://slabstone.vn/wp-content/uploads/2024/04/SM21D122-F1__Q-100__LimitedFileSize-300kb__resized-800-px.jpg,https://slabstone.vn/wp-content/uploads/2024/04/Floor-SM21D122__Q-100__LimitedFileSize-300kb__resized-800-px.jpg,https://slabstone.vn/wp-content/uploads/2024/04/SM21D122-F1__Q-100__LimitedFileSize-300kb__resized-800-px.jpg,https://slabstone.vn/wp-content/uploads/2024/04/SM21D122-F2__Q-100__LimitedFileSize-300kb__resized-800-px.jpg,https://slabstone.vn/wp-content/uploads/2024/04/SM21D122-F3__Q-100__LimitedFileSize-300kb__resized-800-px.jpg,https://slabstone.vn/wp-content/uploads/2024/04/SM21D122-F1__Q-100__LimitedFileSize-300kb__resized-800-px.jpg,,https://slabstone.vn/san-pham/lava/
Calacatta Cream,calacatta-cream,,SM17,"1,800,000 – 2,100,000 / m²",Đá hoa,"9mm, 12mm","1200x2700, 1200x2400",Matt,Màu Be,,,https://drive.google.com/uc?id=1tuT2pTEdj7GsRGCitbG4klqCr8DgwD4n,"Calacatta Cream, mẫu thiết kế đem lại sự sang trọng hoàn hảo cho không gian sống.
Tone màu kem thời thượng cùng kích thước lớn giúp mở rộng không gian của sáng tạo, sự tiện nghi và đẳng cấp.",https://slabstone.vn/wp-content/uploads/2024/03/SM17F122-1__Q-100__LimitedFileSize-300kb__resized-800-px.jpg,https://slabstone.vn/wp-content/uploads/2024/03/Ban-02_SM17F122__Q-100__LimitedFileSize-300kb__resized-800-px.jpg,https://slabstone.vn/wp-content/uploads/2024/03/Ban-01_SM17F122__Q-100__LimitedFileSize-300kb__resized-800-px.jpg,https://slabstone.vn/wp-content/uploads/2024/03/SM17F122-3__Q-100__LimitedFileSize-300kb__resized-800-px.jpg,https://slabstone.vn/wp-content/uploads/2024/03/SM17F122-2__Q-100__LimitedFileSize-300kb__resized-800-px.jpg,https://slabstone.vn/wp-content/uploads/2024/03/SM17F122-1__Q-100__LimitedFileSize-300kb__resized-800-px.jpg,https://slabstone.vn/wp-content/uploads/2024/03/SM17F122-1__Q-100__LimitedFileSize-300kb__resized-800-px.jpg,https://slabstone.vn/san-pham/calacatta-cream/
Crema Marfil,crema-marfil,,SM60,"1,970,000 – 2,370,000 / m²",Đá hoa,"9mm, 12mm",1200x2400,Matt,Màu Be,,,https://drive.google.com/uc?id=1tuT2pTEdj7GsRGCitbG4klqCr8DgwD4n,"Crema Marfil, mẫu thiết kế đem lại sự sang trọng hoàn hảo cho không gian sống.
Tone màu kem thời thượng cùng kích thước lớn giúp mở rộng không gian của sáng tạo, sự tiện nghi và đẳng cấp.",https://slabstone.vn/wp-content/uploads/2024/02/SM60D122-F1-A-copy__Q-100__LimitedFileSize-300kb__resized-800-px.jpg,https://slabstone.vn/wp-content/uploads/2024/02/SM60.png,https://slabstone.vn/wp-content/uploads/2024/02/floor-2_SM60F122__Q-100__LimitedFileSize-300kb__resized-800-px.jpg,https://slabstone.vn/wp-content/uploads/2024/02/SM60D122-F1-A-copy__Q-100__LimitedFileSize-300kb__resized-800-px.jpg,https://slabstone.vn/wp-content/uploads/2024/02/SM60D122-F2-A-copy__Q-100__LimitedFileSize-300kb__resized-800-px.jpg,https://slabstone.vn/wp-content/uploads/2024/02/SM60D122-F3-A-copy__Q-100__LimitedFileSize-300kb__resized-800-px.jpg,https://slabstone.vn/wp-content/uploads/2024/02/SM60D122-F1-A-copy__Q-100__LimitedFileSize-300kb__resized-800-px.jpg,https://slabstone.vn/san-pham/crema-marfil/
Ash Carbon,ash-carbon,,SM40,"1,800,000 / m²",Gỗ,9mm,1200x2400,Matt,Xám,,,https://drive.google.com/uc?id=1tuT2pTEdj7GsRGCitbG4klqCr8DgwD4n,"Với khổ lớn vượt trội, đá vân gỗ SLABSTONE đem nét đẹp thiên nhiên chân thực nhất vào không gian sống của bạn.
Không giới hạn khả năng thiết kế, mẫu đá vân gỗ SLABSTONE cho bạn thoả sức sáng tạo với những ý tưởng cắt ghép, tạo hình khác nhau. Những đường vân gỗ trải dài, không bị gián đoạn sẽ mở rộng không gian, tôn lên nét tinh tế và sang trọng rất riêng cho ngôi nhà.",https://slabstone.vn/wp-content/uploads/2023/10/SM40D122-Random-Face-copy-2__Q-100__LimitedFileSize-300kb__resized-800-px.jpg,https://slabstone.vn/wp-content/uploads/2024/01/SM40D122_op_tuong__Q-100__LimitedFileSize-300kb__resized-800-px.jpg,https://slabstone.vn/wp-content/uploads/2023/10/SM40D122-Random-Face-copy__Q-100__LimitedFileSize-300kb__resized-800-px.jpg,,,,,https://slabstone.vn/san-pham/ash-carbon/
Ash Drift,ash-drift,,SM49,"1,800,000 / m²",Gỗ,9mm,1200x2400,Bóng kính,Nâu,,,https://drive.google.com/uc?id=1tuT2pTEdj7GsRGCitbG4klqCr8DgwD4n,"Với khổ lớn vượt trội, đá vân gỗ SLABSTONE đem nét đẹp thiên nhiên chân thực nhất vào không gian sống của bạn.
Không giới hạn khả năng thiết kế, mẫu đá vân gỗ SLABSTONE cho bạn thoả sức sáng tạo với những ý tưởng cắt ghép, tạo hình khác nhau. Những đường vân gỗ trải dài, không bị gián đoạn sẽ mở rộng không gian, tôn lên nét tinh tế và sang trọng rất riêng cho ngôi nhà.",https://slabstone.vn/wp-content/uploads/2023/10/SM49D122__Q-100__LimitedFileSize-300kb__resized-800-px.jpg,https://slabstone.vn/wp-content/uploads/2024/02/SM49.png,https://slabstone.vn/wp-content/uploads/2023/10/SP30-49D122-Bep-__Q-100__LimitedFileSize-300kb__resized-800-px.jpg,https://slabstone.vn/wp-content/uploads/2023/10/SM49D122__Q-100__LimitedFileSize-300kb__resized-800-px.jpg,,,,https://slabstone.vn/san-pham/ash-drift/
Pietra Dark,pietra-dark,,SM18,"1,800,000 / m²",Đá,9mm,1200x2400,Matt,Đen,,,https://drive.google.com/uc?id=1tuT2pTEdj7GsRGCitbG4klqCr8DgwD4n,"Với thiết kế độc đáo khác biệt hoàn toàn với những sản phẩm đang có mặt trên thị trường, từng tấm đá Pietra Dark với hoạ tiết và bề mặt mô phỏng gần như trọn vẹn những thân gỗ lớn trong các khu rừng, độc đáo hơn với bề mặt màu đen, có chiều sâu đem đến vẻ đẹp sang trọng, làm cho nó trở thành một sự lựa chọn đặc biệt cho bất kỳ không gian tinh tế nào.",https://slabstone.vn/wp-content/uploads/2023/10/SM18D122-F2__Q-100__LimitedFileSize-300kb__resized-800-px.jpg,https://slabstone.vn/wp-content/uploads/2023/10/sm18.png,https://slabstone.vn/wp-content/uploads/2023/10/SM18-op_lat__Q-100__LimitedFileSize-300kb__resized-800-px.jpg,https://slabstone.vn/wp-content/uploads/2023/10/SM18D122-F1__Q-100__LimitedFileSize-300kb__resized-800-px.jpg,,,,https://slabstone.vn/san-pham/pietra-dark/
Rosso Statuario,rosso-statuario,,SM39,"1,800,000 / m²",Đá hoa,9mm,1200x2400,Matt,Rose,,,https://drive.google.com/uc?id=1tuT2pTEdj7GsRGCitbG4klqCr8DgwD4n,"Rosso Statuario , một biến thể cao cấp của dòng Statuario Marble, được biết đến với vẻ đẹp tinh tế và sự hùng vĩ tuyệt vời. Nổi bật với kết cấu màu vàng hồng, các hoa văn và đường vân hòa quyện một cách tự nhiên trên nền màu kem, tạo thành một sức hấp dẫn tuyệt vời nhưng vẫn thanh lịch.",https://slabstone.vn/wp-content/uploads/2023/09/SM39D122-F3-copy__Q-100__LimitedFileSize-300kb__resized-800-px.jpg,https://slabstone.vn/wp-content/uploads/2023/09/s39.png,https://slabstone.vn/wp-content/uploads/2023/09/SM39D122_phong_ngu__Q-100__LimitedFileSize-300kb__resized-800-px.jpg,https://slabstone.vn/wp-content/uploads/2023/09/SM39D122-F2-copy__Q-100__LimitedFileSize-300kb__resized-800-px.jpg,,,,https://slabstone.vn/san-pham/rosso-statuario/
Raw Dark,raw-dark,,SM22,"1,800,000 / m²",Xi măng,9mm,1200x2400,Matt,Xám trắng,,,https://drive.google.com/uc?id=1tuT2pTEdj7GsRGCitbG4klqCr8DgwD4n,"Raw Dark Stone là sự pha trộn hoàn hảo giữa bề mặt đen mịn và đường vân trắng mềm mại, giống như hiệu ứng sương mù. Nó tạo hiệu ứng 3D trong suốt độc đáo, mô phỏng bầu trời đêm và phù hợp với những thiết kế có cá tính mạnh mẽ.",https://slabstone.vn/wp-content/uploads/2023/09/SM22D122-2__Q-100__LimitedFileSize-300kb__resized-800-px.jpg,https://slabstone.vn/wp-content/uploads/2023/09/s22.png,https://slabstone.vn/wp-content/uploads/2023/09/SM22D122-Phong-Tam.png,https://slabstone.vn/wp-content/uploads/2024/02/SM22D122-2__Q-100__LimitedFileSize-300kb__resized-800-px.jpg,,,,https://slabstone.vn/san-pham/raw-dark/
Ash Ebony,ash-ebony,,SM23,"1,800,000 / m²",Gỗ,9mm,1200x2400,Matt,Xám,,,https://drive.google.com/uc?id=1tuT2pTEdj7GsRGCitbG4klqCr8DgwD4n,"Với khổ lớn vượt trội, đá vân gỗ SLABSTONE đem nét đẹp thiên nhiên chân thực nhất vào không gian sống của bạn.
Không giới hạn khả năng thiết kế, mẫu đá vân gỗ SLABSTONE cho bạn thoả sức sáng tạo với những ý tưởng cắt ghép, tạo hình khác nhau. Những đường vân gỗ trải dài, không bị gián đoạn sẽ mở rộng không gian, tôn lên nét tinh tế và sang trọng rất riêng cho ngôi nhà.",https://slabstone.vn/wp-content/uploads/2023/09/SM23D122-Random-Face__Q-100__LimitedFileSize-300kb__resized-800-px.jpg,https://slabstone.vn/wp-content/uploads/2023/09/s23.png,https://slabstone.vn/wp-content/uploads/2023/09/SM23_op_tuong__Q-100__LimitedFileSize-300kb__resized-800-px.jpg,,,,,https://slabstone.vn/san-pham/ash-ebony/
Marquina,marquina,,SM20,"1,800,000 / m²",Đá hoa,9mm,1200x2400,Matt,Đen,,,https://drive.google.com/uc?id=1tuT2pTEdj7GsRGCitbG4klqCr8DgwD4n,"Hồ Maracaibo ở Venezuela được mệnh danh là “thiên đường của những vũ điệu sấm sét” với xấp xỉ 3 triệu cú sét mỗi năm, lấy cảm hứng từ những vũ điệu đó, chúng tôi đã truyền tải sức mạnh của những tia sét rực sáng tràn đầy năng lượng vào sản phẩm. Những đường vân rạn như tia sét màu trắng hoàn toàn nổi bật trên nền đen huyền bí.",https://slabstone.vn/wp-content/uploads/2023/09/SM20D122-Random-face-copy-2__Q-100__LimitedFileSize-300kb__resized-800-px.jpg,https://slabstone.vn/wp-content/uploads/2023/09/S20.png,https://slabstone.vn/wp-content/uploads/2023/09/SM20D122-v1__Q-100__LimitedFileSize-300kb__resized-800-px.jpg,https://slabstone.vn/wp-content/uploads/2023/09/SM20D122-Random-face__Q-100__LimitedFileSize-300kb__resized-800-px.jpg,,,,https://slabstone.vn/san-pham/marquina/
Calatorao Cafe,calatorao-cafe,,SN55,"2,820,000 / m²",Đá hoa,15mm,1200x2400,Matt,,,,https://drive.google.com/uc?id=1tuT2pTEdj7GsRGCitbG4klqCr8DgwD4n,,https://slabstone.vn/wp-content/uploads/2023/07/SN55H86_Body-tech-F2__Q-100__LimitedFileSize-300kb__resized-800-px.jpg,https://slabstone.vn/wp-content/uploads/2023/07/TN55.png,,,,,,https://slabstone.vn/san-pham/calatorao-cafe/
Thunder,thunder,,SP08,"1,800,000 – 2,500,000 / m²",Đá,"9mm, 15mm",1200x2400,Bóng kính,"Màu Be, Trắng",,,,Thiết kế marble ấn tượng với những đường oxy hoá màu vàng thể hiện chân thực nhất vẻ đẹp của đá tự nhiên,https://slabstone.vn/wp-content/uploads/2024/01/Slabstone_Thunder-SP08D122-v2_Polished_120x240cm_916mm__Q-100__LimitedFileSize-300kb__resized-800-px.jpg,https://slabstone.vn/wp-content/uploads/2023/02/180223_thunder-1.png,https://slabstone.vn/wp-content/uploads/2023/02/SP08D122-Cau-Thang-scaled.jpg,,,,,https://slabstone.vn/san-pham/thunder/
Summer Fog,summer-fog,,SP10 | SM10,"1,220,000 – 2,500,000 / m²",Đá hoa,"9mm, 15mm, 20mm","800x1600, 800x2400, 1200x2400, 1600x2400","Bóng kính, Bóng mờ",Trắng,,,,Mẫu Marble trắng nhẹ nhàng với những đường vân mờ ảo như lớp sương mùa hè,https://slabstone.vn/wp-content/uploads/2023/02/Slabstone_SummerFog-SP10D122-v2_Polished_120x240cm_916mm__Q-100__LimitedFileSize-300kb__resized-800-px.jpg,https://slabstone.vn/wp-content/uploads/2023/02/180223_summerfog.png,https://slabstone.vn/wp-content/uploads/2023/02/SP10D122-op__Q-100__LimitedFileSize-300kb__resized-800-px.jpg,,,,,https://slabstone.vn/san-pham/summer-fog/
Serpentine,serpentine,,SP27,"1,800,000 – 2,500,000 / m²",Đá hoa,"9mm, 15mm",1200x2400,Bóng kính,Xanh Lá,,,https://drive.google.com/uc?id=1tuT2pTEdj7GsRGCitbG4klqCr8DgwD4n,"Sự tươi mới và độc đáo của sắc xanh đã tạo nên điểm nhấn khác biệt cho thiết kế.
Serpentine gợi cảm giác phóng khoáng nhưng tinh tế, nổi bật nhưng không quá phô trương. Tất cả hài hoà và vừa vặn để ứng dụng được ở mọi không gian.",https://slabstone.vn/wp-content/uploads/2023/09/SP27H122-1__Q-100__LimitedFileSize-300kb__resized-800-px.jpg,https://slabstone.vn/wp-content/uploads/2023/09/sp27.png,https://slabstone.vn/wp-content/uploads/2023/09/Sp27_phoi_canh__Q-100__LimitedFileSize-300kb__resized-800-px.jpg,https://slabstone.vn/wp-content/uploads/2023/09/SP27H122-1__Q-100__LimitedFileSize-300kb__resized-800-px.jpg,,,,https://slabstone.vn/san-pham/serpentine/
Patagonia,patagonia,,SP36,"1,800,000 – 2,500,000 / m²",Đá hoa,"9mm, 15mm",1200x2400,Bóng kính,Màu Be,,,https://drive.google.com/uc?id=1tuT2pTEdj7GsRGCitbG4klqCr8DgwD4n,"Lấy cảm hứng từ những viên đá tự nhiên, Patagoinia mang đến cho không gian sống của bạn vẻ đẹp chân thực và sống động nhất.",https://slabstone.vn/wp-content/uploads/2023/09/SP36D122-F2__Q-100__LimitedFileSize-300kb__resized-800-px.jpg,https://slabstone.vn/wp-content/uploads/2023/09/sp36.png,https://slabstone.vn/wp-content/uploads/2024/01/SP36D122-lat_san__Q-100__LimitedFileSize-300kb__resized-800-px.jpg,https://slabstone.vn/wp-content/uploads/2024/01/SP36D122-F3__Q-100__LimitedFileSize-300kb__resized-800-px.jpg,,,,https://slabstone.vn/san-pham/patagonia/
Feathers,feathers,,"SP42, SM42","1,800,000 – 2,500,000 / m²",Đá hoa,"9mm, 15mm",1200x2400,"Bóng kính, Matt",Xanh Dương,,,https://drive.google.com/uc?id=1tuT2pTEdj7GsRGCitbG4klqCr8DgwD4n,,https://slabstone.vn/wp-content/uploads/2023/09/SP42H122-2__Q-100__LimitedFileSize-300kb__resized-800-px.jpg,https://slabstone.vn/wp-content/uploads/2023/09/sp42.png,,,,,,https://slabstone.vn/san-pham/feathers/
Desert,desert,,SP50,"1,970,000 – 2,820,000 / m²",BODYTECH,"9mm, 15mm",1200x2400,"Bóng kính, Bóng mờ",Màu Be,,,,,https://slabstone.vn/wp-content/uploads/2023/02/Slabstone_Fullbody-SP50D122_Polished_120x240cm_916mm__Q-100__LimitedFileSize-300kb__resized-800-px.jpg,https://slabstone.vn/wp-content/uploads/2023/03/150323_desert.png,,,,,,https://slabstone.vn/san-pham/desert/
Helix Nero,helix-nero,,SP53,"1,100,000 – 2,820,000 / m²",BODYTECH,"9mm, 12mm, 15mm","800x1600, 1200x2400",Bóng kính,Đen,,,https://drive.google.com/uc?id=1tuT2pTEdj7GsRGCitbG4klqCr8DgwD4n,"Tone màu đen huyền bí dẫn dụ sự tìm tòi, khám phá và mở rộng chiều sâu không gian. Sang trọng, thời thượng, cá tính là những gì Helix Nero thể hiện trong từng thiết kế.",https://slabstone.vn/wp-content/uploads/2023/07/SP53F-H86_Body-tech__Q-100__LimitedFileSize-300kb__resized-800-px.jpg,https://slabstone.vn/wp-content/uploads/2023/07/SP53.png,,,,,,https://slabstone.vn/san-pham/helix-nero/